{"cameraMode":{"drawMode":24,"name":"Light Overlap","section":"Baked Global Illumination"},"sceneLighting":false,"audioPlay":false,"sceneViewState":{"showFog":true,"showMaterialUpdate":false,"showSkybox":true,"showFlares":true,"showImageEffects":true,"showParticleSystems":true},"in2DMode":false,"pivot":{"x":13.863677024841309,"y":20.364551544189454,"z":-2.0618374347686769},"rotation":{"x":-0.08248153328895569,"y":0.8975105285644531,"z":-0.19018486142158509,"w":-0.3892318308353424},"size":3.6893389225006105,"orthographic":false}