{"cameraMode":{"drawMode":24,"name":"Light Overlap","section":"Baked Global Illumination"},"sceneLighting":false,"audioPlay":false,"sceneViewState":{"showFog":true,"showMaterialUpdate":false,"showSkybox":true,"showFlares":true,"showImageEffects":true,"showParticleSystems":true},"in2DMode":false,"pivot":{"x":11.822966575622559,"y":-0.4462170898914337,"z":-11.53173828125},"rotation":{"x":0.2018771767616272,"y":-0.5369532704353333,"z":0.13414622843265534,"w":0.8080418705940247},"size":4.336076736450195,"orthographic":false}