{"cameraMode":{"drawMode":24,"name":"Light Overlap","section":"Baked Global Illumination"},"sceneLighting":false,"audioPlay":false,"sceneViewState":{"showFog":true,"showMaterialUpdate":false,"showSkybox":true,"showFlares":true,"showImageEffects":true,"showParticleSystems":true},"in2DMode":false,"pivot":{"x":-54.99114990234375,"y":-10.503303527832032,"z":-127.61746978759766},"rotation":{"x":0.013409140519797802,"y":-0.9864956736564636,"z":0.12231109291315079,"w":0.10810424387454987},"size":126.77542114257813,"orthographic":false}